{"time": [864011.2143, "s"], "time_index": 57617, "progress": 1.0, "state": "FINISHED", "real_time_elapsed": 183.67199999996228, "description": "", "extra": {}, "creation_timestamp": 1731951560.032059}